run_id,start_utc,end_utc,duration_ms,exit,receipt
T00-extract-fixture,2026-10-01T01:50:10.681Z,2026-10-01T01:50:10.748Z,65.822209,0,receipts/T00-extract-fixture.json
T01-cli-exact-impact,2026-10-01T01:50:10.749Z,2026-10-01T01:50:10.785Z,36.145624999999995,0,receipts/T01-cli-exact-impact.json
T02-cli-exact-context,2026-10-01T01:50:10.785Z,2026-10-01T01:50:10.821Z,35.46570799999999,0,receipts/T02-cli-exact-context.json
T03-mcp-exact-impact,2026-10-01T01:50:10.821Z,2026-10-01T01:50:10.860Z,39.490791,0,receipts/T03-mcp-exact-impact.json
T04-mcp-exact-context,2026-10-01T01:50:10.861Z,2026-10-01T01:50:10.902Z,41.443083,0,receipts/T04-mcp-exact-context.json
T05-hook-known-low-edit,2026-10-01T01:50:10.902Z,2026-10-01T01:50:10.937Z,34.38691699999998,0,receipts/T05-hook-known-low-edit.json
T06-hook-file-only,2026-10-01T01:50:10.937Z,2026-10-01T01:50:10.973Z,36.63937500000003,0,receipts/T06-hook-file-only.json
T07-hook-known-low-repeat,2026-10-01T01:50:10.974Z,2026-10-01T01:50:11.010Z,36.51487499999996,0,receipts/T07-hook-known-low-repeat.json
T08-cli-zero,2026-10-01T01:50:11.010Z,2026-10-01T01:50:11.048Z,37.35262499999999,0,receipts/T08-cli-zero.json
T09-cli-unmapped-symbol,2026-10-01T01:50:11.048Z,2026-10-01T01:50:11.085Z,36.62533300000001,1,receipts/T09-cli-unmapped-symbol.json
T10-cli-missing-map,2026-10-01T01:50:11.085Z,2026-10-01T01:50:11.122Z,37.365583999999956,2,receipts/T10-cli-missing-map.json
T11-cli-corrupt-map,2026-10-01T01:50:11.122Z,2026-10-01T01:50:11.160Z,37.81820899999997,2,receipts/T11-cli-corrupt-map.json
T12-cli-invalid-shape,2026-10-01T01:50:11.160Z,2026-10-01T01:50:11.194Z,33.32637500000004,1,receipts/T12-cli-invalid-shape.json
T13-cli-stale-context,2026-10-01T01:50:11.194Z,2026-10-01T01:50:11.230Z,35.842625,0,receipts/T13-cli-stale-context.json
T14-hook-stale,2026-10-01T01:50:11.230Z,2026-10-01T01:50:11.266Z,35.914625,0,receipts/T14-hook-stale.json
T15-hook-corrupt,2026-10-01T01:50:11.461Z,2026-10-01T01:50:11.496Z,35.715374999999995,0,receipts/T15-hook-corrupt.json
T15-hook-extraction-failure,2026-10-01T01:50:12.027Z,2026-10-01T01:50:12.064Z,36.43908299999998,0,receipts/T15-hook-extraction-failure.json
T15-hook-generated,2026-10-01T01:50:11.659Z,2026-10-01T01:50:11.693Z,34.07787499999995,0,receipts/T15-hook-generated.json
T15-hook-missing,2026-10-01T01:50:11.588Z,2026-10-01T01:50:11.622Z,33.58379100000002,0,receipts/T15-hook-missing.json
T15-hook-unmapped,2026-10-01T01:50:11.393Z,2026-10-01T01:50:11.426Z,33.115792000000056,0,receipts/T15-hook-unmapped.json
T15-hook-unsupported,2026-10-01T01:50:11.847Z,2026-10-01T01:50:11.883Z,36.12741699999992,0,receipts/T15-hook-unsupported.json
T15-hook-zero,2026-10-01T01:50:11.267Z,2026-10-01T01:50:11.298Z,31.73929099999998,0,receipts/T15-hook-zero.json
T16-post-corrupt,2026-10-01T01:50:11.497Z,2026-10-01T01:50:11.588Z,91.38908299999991,0,receipts/T16-post-corrupt.json
T16-post-extraction-failure,2026-10-01T01:50:12.064Z,2026-10-01T01:50:12.157Z,92.79491600000006,0,receipts/T16-post-extraction-failure.json
T16-post-generated,2026-10-01T01:50:11.693Z,2026-10-01T01:50:11.783Z,89.69787499999984,0,receipts/T16-post-generated.json
T16-post-missing,2026-10-01T01:50:11.622Z,2026-10-01T01:50:11.658Z,36.42770799999994,0,receipts/T16-post-missing.json
T16-post-unmapped,2026-10-01T01:50:11.426Z,2026-10-01T01:50:11.460Z,33.97858299999996,0,receipts/T16-post-unmapped.json
T16-post-unsupported,2026-10-01T01:50:11.884Z,2026-10-01T01:50:11.972Z,88.52808299999992,0,receipts/T16-post-unsupported.json
T16-post-zero,2026-10-01T01:50:11.299Z,2026-10-01T01:50:11.393Z,94.12225000000001,0,receipts/T16-post-zero.json
T17-extract-generated,2026-10-01T01:50:11.783Z,2026-10-01T01:50:11.847Z,63.76354200000014,0,receipts/T17-extract-generated.json
T18-extract-only-unsupported,2026-10-01T01:50:11.972Z,2026-10-01T01:50:12.027Z,54.22612500000014,1,receipts/T18-extract-only-unsupported.json
T19-refresh-extraction-failure,2026-10-01T01:50:12.157Z,2026-10-01T01:50:12.190Z,33.42062499999997,2,receipts/T19-refresh-extraction-failure.json
T20-cli-invalid-invocation,2026-10-01T01:50:12.190Z,2026-10-01T01:50:12.225Z,34.535167,2,receipts/T20-cli-invalid-invocation.json
T21-mcp-missing-map,2026-10-01T01:50:12.225Z,2026-10-01T01:50:12.301Z,76.12087500000007,0,receipts/T21-mcp-missing-map.json
T22-mcp-corrupt-map,2026-10-01T01:50:12.301Z,2026-10-01T01:50:12.379Z,77.102666,0,receipts/T22-mcp-corrupt-map.json
T23-mcp-zero,2026-10-01T01:50:12.379Z,2026-10-01T01:50:12.416Z,36.87341599999991,0,receipts/T23-mcp-zero.json
T24-mcp-unmapped,2026-10-01T01:50:12.416Z,2026-10-01T01:50:12.453Z,36.87374999999997,0,receipts/T24-mcp-unmapped.json
T25-mcp-invalid-selector,2026-10-01T01:50:12.453Z,2026-10-01T01:50:12.489Z,35.81091700000002,0,receipts/T25-mcp-invalid-selector.json
T26-impact-cap,2026-10-01T01:50:12.489Z,2026-10-01T01:50:12.526Z,36.64837499999999,0,receipts/T26-impact-cap.json
T27-impact-expand,2026-10-01T01:50:12.526Z,2026-10-01T01:50:12.561Z,35.552374999999984,0,receipts/T27-impact-expand.json
T28-context-cap,2026-10-01T01:50:12.562Z,2026-10-01T01:50:12.597Z,35.512833999999884,0,receipts/T28-context-cap.json
T29-context-expand,2026-10-01T01:50:12.597Z,2026-10-01T01:50:12.632Z,34.34204100000011,0,receipts/T29-context-expand.json
T30-missing-original-baseline,2026-10-01T01:50:12.632Z,2026-10-01T01:50:12.667Z,34.83645799999999,2,receipts/T30-missing-original-baseline.json
T31-capture-baseline,2026-10-01T01:50:12.667Z,2026-10-01T01:50:12.805Z,137.95249999999987,0,receipts/T31-capture-baseline.json
T32-ordinary-refresh,2026-10-01T01:50:12.806Z,2026-10-01T01:50:12.961Z,154.77133400000002,0,receipts/T32-ordinary-refresh.json
T33-verify-baseline,2026-10-01T01:50:12.961Z,2026-10-01T01:50:13.132Z,171.75225,0,receipts/T33-verify-baseline.json
T34-repair-refresh,2026-10-01T01:50:13.133Z,2026-10-01T01:50:13.265Z,132.5873330000004,0,receipts/T34-repair-refresh.json
T35-verify-repair,2026-10-01T01:50:13.265Z,2026-10-01T01:50:13.438Z,172.22699999999986,0,receipts/T35-verify-repair.json
T36-deny-baseline-refresh,2026-10-01T01:50:13.438Z,2026-10-01T01:50:13.475Z,37.028291999999965,2,receipts/T36-deny-baseline-refresh.json
T37-incomplete-before,2026-10-01T01:50:13.475Z,2026-10-01T01:50:13.654Z,178.75999999999976,2,receipts/T37-incomplete-before.json
T38-post-normal,2026-10-01T01:50:13.654Z,2026-10-01T01:50:13.745Z,91.18424999999979,0,receipts/T38-post-normal.json
T39-post-regression-first,2026-10-01T01:50:13.746Z,2026-10-01T01:50:13.845Z,99.27975000000015,0,receipts/T39-post-regression-first.json
T40-post-regression-repeat,2026-10-01T01:50:13.845Z,2026-10-01T01:50:13.936Z,90.27349999999979,0,receipts/T40-post-regression-repeat.json
T41-extract-similarity,2026-10-01T01:50:13.936Z,2026-10-01T01:50:14.004Z,67.74341700000014,0,receipts/T41-extract-similarity.json
T42-similar-conflicting-contract,2026-10-01T01:50:14.005Z,2026-10-01T01:50:14.044Z,39.766208000000006,0,receipts/T42-similar-conflicting-contract.json
T43-similar-json-cap,2026-10-01T01:50:14.045Z,2026-10-01T01:50:14.080Z,35.640542000000096,0,receipts/T43-similar-json-cap.json
T44-similar-expand,2026-10-01T01:50:14.080Z,2026-10-01T01:50:14.118Z,37.68362500000012,0,receipts/T44-similar-expand.json
T45-similar-equivalent-syntax,2026-10-01T01:50:14.118Z,2026-10-01T01:50:14.157Z,38.96379200000001,0,receipts/T45-similar-equivalent-syntax.json
T46-similar-zero-text,2026-10-01T01:50:14.157Z,2026-10-01T01:50:14.191Z,33.970000000000255,0,receipts/T46-similar-zero-text.json
T47-similar-zero-json,2026-10-01T01:50:14.192Z,2026-10-01T01:50:14.228Z,36.34112499999992,0,receipts/T47-similar-zero-json.json
T48-similar-body-cap,2026-10-01T01:50:14.228Z,2026-10-01T01:50:14.265Z,36.79404199999999,0,receipts/T48-similar-body-cap.json
T49-mcp-similarity,2026-10-01T01:50:14.265Z,2026-10-01T01:50:14.302Z,37.29670799999985,0,receipts/T49-mcp-similarity.json
T50-overlap,2026-10-01T01:50:14.303Z,2026-10-01T01:50:14.338Z,35.24408399999993,1,receipts/T50-overlap.json
T51-extract-behavior,2026-10-01T01:50:14.338Z,2026-10-01T01:50:14.400Z,61.14191699999992,0,receipts/T51-extract-behavior.json
T52-behavior-current,2026-10-01T01:50:14.400Z,2026-10-01T01:50:14.477Z,76.64879199999996,0,receipts/T52-behavior-current.json
T53-behavior-failed,2026-10-01T01:50:14.477Z,2026-10-01T01:50:14.554Z,76.96433400000024,1,receipts/T53-behavior-failed.json
T54-behavior-skipped,2026-10-01T01:50:14.554Z,2026-10-01T01:50:14.629Z,75.20233300000018,0,receipts/T54-behavior-skipped.json
T55-behavior-malformed,2026-10-01T01:50:14.630Z,2026-10-01T01:50:14.699Z,69.33770800000002,1,receipts/T55-behavior-malformed.json
T56-structural-green-with-failed-oracle,2026-10-01T01:50:14.699Z,2026-10-01T01:50:14.734Z,35.38504200000034,0,receipts/T56-structural-green-with-failed-oracle.json
T57-test-neighbor,2026-10-01T01:50:14.735Z,2026-10-01T01:50:14.775Z,39.997167000000445,0,receipts/T57-test-neighbor.json
T58-import-historical-coverage,2026-10-01T01:50:14.775Z,2026-10-01T01:50:14.812Z,36.90937500000018,0,receipts/T58-import-historical-coverage.json
T59-recorded-coverage-explain,2026-10-01T01:50:14.812Z,2026-10-01T01:50:14.847Z,35.384250000000065,0,receipts/T59-recorded-coverage-explain.json
T60-stale-coverage-explain,2026-10-01T01:50:14.848Z,2026-10-01T01:50:14.885Z,37.30829100000028,0,receipts/T60-stale-coverage-explain.json
T61-stale-test-now-fails,2026-10-01T01:50:14.885Z,2026-10-01T01:50:14.962Z,77.09191700000065,1,receipts/T61-stale-test-now-fails.json
T62-targeted-suites,2026-10-01T01:50:14.963Z,2026-10-01T01:50:20.828Z,5865.0938750000005,1,receipts/T62-targeted-suites.json
T63-fresh-refresh,2026-10-01T01:52:48.634Z,2026-10-01T01:52:48.771Z,135.347583,0,receipts/T63-fresh-refresh.json
T64-fresh-context,2026-10-01T01:52:48.771Z,2026-10-01T01:52:48.805Z,34.577292,0,receipts/T64-fresh-context.json
T65-fresh-hook,2026-10-01T01:52:48.806Z,2026-10-01T01:52:48.842Z,36.395917,0,receipts/T65-fresh-hook.json
T66-stale-stamped-hook,2026-10-01T01:52:48.842Z,2026-10-01T01:52:48.879Z,36.63766699999999,0,receipts/T66-stale-stamped-hook.json
T67-codex-shaped-hook,2026-10-01T01:52:48.879Z,2026-10-01T01:52:48.912Z,32.99920800000001,0,receipts/T67-codex-shaped-hook.json
T68-real-extraction-failure-hook,2026-10-01T01:52:48.913Z,2026-10-01T01:52:49.089Z,176.21337500000004,0,receipts/T68-real-extraction-failure-hook.json
T69-real-extraction-failure-cli,2026-10-01T01:52:49.089Z,2026-10-01T01:52:49.218Z,129.17208300000004,2,receipts/T69-real-extraction-failure-cli.json
T70-intentional-extract,2026-10-01T01:52:49.219Z,2026-10-01T01:52:49.288Z,68.40925000000004,0,receipts/T70-intentional-extract.json
T71-corrected-overlap,2026-10-01T01:52:49.288Z,2026-10-01T01:52:49.327Z,38.64091700000006,0,receipts/T71-corrected-overlap.json
T72-intentional-dismissal,2026-10-01T01:52:49.329Z,2026-10-01T01:52:49.364Z,35.39104099999997,0,receipts/T72-intentional-dismissal.json
T73-dismissal-repeat-overlap,2026-10-01T01:52:49.365Z,2026-10-01T01:52:49.399Z,34.49333300000001,0,receipts/T73-dismissal-repeat-overlap.json
T74-corrected-mcp-similarity,2026-10-01T01:52:49.399Z,2026-10-01T01:52:49.477Z,77.47833400000002,0,receipts/T74-corrected-mcp-similarity.json
T75-empty-deadcode-json,2026-10-01T01:52:49.477Z,2026-10-01T01:52:49.512Z,34.39712499999996,0,receipts/T75-empty-deadcode-json.json
T76-incomplete-deadcode-json,2026-10-01T01:52:49.512Z,2026-10-01T01:52:49.547Z,35.57958299999996,0,receipts/T76-incomplete-deadcode-json.json
T77-incomplete-deadcode-mcp,2026-10-01T01:52:49.548Z,2026-10-01T01:52:49.619Z,71.35054200000002,0,receipts/T77-incomplete-deadcode-mcp.json
T78-corrected-stats-test,2026-10-01T01:52:49.619Z,2026-10-01T01:52:50.403Z,783.662042,0,receipts/T78-corrected-stats-test.json
T79-current-executed-coverage,2026-10-01T01:52:50.403Z,2026-10-01T01:52:50.490Z,86.71837500000015,0,receipts/T79-current-executed-coverage.json
T80-measured-extract,2026-10-01T01:52:50.490Z,2026-10-01T01:52:50.556Z,65.35729199999992,0,receipts/T80-measured-extract.json
T81-import-executed-coverage,2026-10-01T01:52:50.556Z,2026-10-01T01:52:50.591Z,34.67699999999991,0,receipts/T81-import-executed-coverage.json
T82-executed-coverage-explain,2026-10-01T01:52:50.591Z,2026-10-01T01:52:50.628Z,37.323708000000124,0,receipts/T82-executed-coverage-explain.json
T83-executed-stale-coverage-explain,2026-10-01T01:52:50.629Z,2026-10-01T01:52:50.664Z,35.28512499999988,0,receipts/T83-executed-stale-coverage-explain.json
T84-current-after-edit-fails,2026-10-01T01:52:50.664Z,2026-10-01T01:52:50.738Z,74.36295900000005,1,receipts/T84-current-after-edit-fails.json
T85-mcp-tools-list,2026-10-01T01:54:42.000Z,2026-10-01T01:54:42.040Z,38.728291999999996,0,receipts/T85-mcp-tools-list.json
T86-final-fresh-refresh,2026-10-01T01:54:42.041Z,2026-10-01T01:54:42.181Z,139.885,0,receipts/T86-final-fresh-refresh.json
T87-own-receipt-capture,2026-10-01T01:54:42.181Z,2026-10-01T01:54:42.241Z,60.450874999999996,0,receipts/T87-own-receipt-capture.json
T88-own-receipt-page,2026-10-01T01:54:42.242Z,2026-10-01T01:54:42.322Z,80.39058299999999,0,receipts/T88-own-receipt-page.json
T89-own-receipt-refresh,2026-10-01T01:54:42.322Z,2026-10-01T01:54:42.461Z,138.238292,0,receipts/T89-own-receipt-refresh.json
T90-own-receipt-review,2026-10-01T01:54:42.461Z,2026-10-01T01:54:42.524Z,63.16633299999995,0,receipts/T90-own-receipt-review.json
T91-own-receipt-repair-refresh,2026-10-01T01:54:42.524Z,2026-10-01T01:54:42.659Z,134.795209,0,receipts/T91-own-receipt-repair-refresh.json
T92-own-receipt-repair-review,2026-10-01T01:54:42.659Z,2026-10-01T01:54:42.725Z,65.88945799999999,0,receipts/T92-own-receipt-repair-review.json
T93-missing-evidence-original,2026-10-01T01:54:42.725Z,2026-10-01T01:54:42.769Z,44.00025000000005,0,receipts/T93-missing-evidence-original.json
T94-generated-selector-cli,2026-10-01T01:54:42.770Z,2026-10-01T01:54:42.808Z,38.284583,1,receipts/T94-generated-selector-cli.json
T95-generated-selector-mcp,2026-10-01T01:54:42.808Z,2026-10-01T01:54:42.848Z,40.17370800000003,0,receipts/T95-generated-selector-mcp.json
T96-invalid-shape-mcp,2026-10-01T01:54:42.849Z,2026-10-01T01:54:42.885Z,36.547459,0,receipts/T96-invalid-shape-mcp.json
T97-advisory-permission-output,2026-10-01T01:54:42.885Z,2026-10-01T01:54:42.921Z,35.549125000000004,0,receipts/T97-advisory-permission-output.json
